PDB	rank	AF3	Boltz	Chai	DD-H	DD-A	RFAA	
7blg	0	0.947	0.947	0.928	0.815	0.824	0.874	
7blg	1	0.966	0.948	0.889	0.814	0.823	0.927	
7blg	2	0.952	0.947	0.927	0.818	0.823	0.884	
7blg	3	0.951	0.945	0.878	0.814	0.823	0.873	
7blg	4	0.971	0.95	0.879	0.819	0.823	0.869	
7en5	0	0.788	0.618	0.59	0.828	0.064	0.639	
7en5	1	0.664	0.624	0.616	0.825	0.875	0.604	
7en5	2	0.804	0.658	0.28	0.866	0.879	0.619	
7en5	3	0.67	0.794	0.351	0.867	0.86	0.613	
7en5	4	0.761	0.666	0.329	0.063	0.862	0.578	
7eqr	0	0.592	0.47	0.51	0.567	0.437	0.411	
7eqr	1	0.648	0.582	0.434	0.599	0.591	0.419	
7eqr	2	0.598	0.414	0.61	0.552	0.555	0.503	
7eqr	3	0.728	0.598	0.598	0.48	0.6	0.414	
7eqr	4	0.611	0.572	0.31	0.588	0.233	0.493	
7exj	0	0.761	0.759	0.774	0.864	0.665	0.955	
7exj	1	0.76	0.777	0.701	0.717	0.631	0.896	
7exj	2	0.805	0.775	0.792	0.66	0.659	0.888	
7exj	3	0.819	0.776	0.71	0.711	0.657	0.745	
7exj	4	0.78	0.777	0.806	0.629	0.661	0.76	
7exo	0	0.96	0.955	0.954	0.953	0.918	0.954	
7exo	1	0.957	0.957	0.959	0.953	0.917	0.956	
7exo	2	0.961	0.958	0.959	0.952	0.917	0.95	
7exo	3	0.962	0.95	0.96	0.954	0.917	0.955	
7exo	4	0.96	0.953	0.96	0.952	0.915	0.956	
7f9g	0	0.531	0.181	0.851	0.9	0.644	0.915	
7f9g	1	0.538	0.053	0.79	0.88	0.627	0.769	
7f9g	2	0.461	0.9	0.896	0.904	0.575	0.78	
7f9g	3	0.568	0.157	0.757	0.885	0.643	0.891	
7f9g	4	0.558	0.79	0.797	0.861	0.582	0.828	
7jnf	0	0.958	0.93	0.893	0.889	0.799	0.865	
7jnf	1	0.992	0.969	0.881	0.808	0.962	0.907	
7jnf	2	0.957	0.971	0.879	0.839	0.87	0.534	
7jnf	3	0.995	0.052	0.904	0.061	0.747	0.699	
7jnf	4	0.995	0.757	0.049	0.06	0.69	0.603	
7jwf	0	0.981	0.942	0.925	0.364	0.312	0.789	
7jwf	1	0.979	0.944	0.934	0.356	0.311	0.78	
7jwf	2	0.982	0.932	0.918	0.361	0.32	0.786	
7jwf	3	0.978	0.914	0.921	0.382	0.307	0.743	
7jwf	4	0.98	0.93	0.891	0.342	0.287	0.799	
7lvy	0	0.618	0.886	0.683	0.647	0.549	0.591	
7lvy	1	0.613	0.915	0.766	0.679	0.478	0.815	
7lvy	2	0.675	0.898	0.718	0.669	0.546	0.761	
7lvy	3	0.689	0.907	0.759	0.679	0.446	0.781	
7lvy	4	0.709	0.903	0.742	0.675	0.437	0.781	
7mzs	0	0.787	0.768	0.19	0.091	0.088	0.718	
7mzs	1	0.752	0.833	0.094	0.73	0.09	0.787	
7mzs	2	0.683	0.703	0.021	0.726	0.089	0.427	
7mzs	3	0.737	0.692	0.061	0.091	0.717	0.443	
7mzs	4	0.747	0.8	0.022	0.09	0.184	0.289	
7p8g	0	0.516	0.894	0.871	0.065	0.472	0.781	
7p8g	1	0.543	0.899	0.862	0.506	0.589	0.688	
7p8g	2	0.572	0.865	0.888	0.823	0.485	0.72	
7p8g	3	0.497	0.9	0.89	0.452	0.48	0.729	
7p8g	4	0.513	0.913	0.903	0.066	0.474	0.731	
7pgk	0	0.177	0.16	0.12	0.299	0.11	0.159	
7pgk	1	0.166	0.181	0.061	0.2	0.035	0.136	
7pgk	2	0.165	0.155	0.139	0.215	0.034	0.143	
7pgk	3	0.17	0.138	0.111	0.192	0.032	0.189	
7pgk	4	0.167	0.175	0.031	0.136	0.033	0.161	
7pug	0	0.276	0.291	0.282	0.052	0.05	0.49	
7pug	1	0.281	0.299	0.319	0.273	0.05	0.496	
7pug	2	0.231	0.3	0.237	0.309	0.05	0.39	
7pug	3	0.445	0.243	0.396	0.31	0.05	0.488	
7pug	4	0.261	0.237	0.469	0.328	0.312	0.314	
7rft	0	0.518	0.706	0.155	0.815	0.654	0.554	
7rft	1	0.526	0.568	0.558	0.704	0.655	0.675	
7rft	2	0.52	0.564	0.234	0.65	0.652	0.599	
7rft	3	0.533	0.702	0.195	0.801	0.626	0.54	
7rft	4	0.532	0.702	0.193	0.668	0.614	0.466	
7rpy	0	0.224	0.728	0.816	0.855	0.298	0.634	
7rpy	1	0.328	0.738	0.926	0.854	0.677	0.276	
7rpy	2	0.422	0.702	0.873	0.857	0.669	0.398	
7rpy	3	0.451	0.675	0.85	0.85	0.668	0.376	
7rpy	4	0.341	0.885	0.85	0.872	0.676	0.224	
7toh	0	0.968	0.962	0.976	0.505	0.732	0.82	
7toh	1	0.954	0.946	0.972	0.713	0.464	0.836	
7toh	2	0.966	0.955	0.489	0.682	0.578	0.862	
7toh	3	0.953	0.966	0.54	0.734	0.512	0.86	
7toh	4	0.937	0.946	0.528	0.697	0.657	0.819	
7tvp	0	0.594	0.064	0.492	0.632	0.625	0.639	
7tvp	1	0.458	0.061	0.447	0.432	0.626	0.674	
7tvp	2	0.402	0.063	0.615	0.578	0.567	0.437	
7tvp	3	0.337	0.064	0.863	0.401	0.592	0.499	
7tvp	4	0.552	0.059	0.585	0.613	0.412	0.587	
7vi7	0	0.981	0.986	0.978	0.985	0.928	0.968	
7vi7	1	0.979	0.985	0.98	0.985	0.908	0.94	
7vi7	2	0.98	0.986	0.978	0.982	0.948	0.949	
7vi7	3	0.983	0.985	0.975	0.985	0.932	0.935	
7vi7	4	0.981	0.985	0.977	0.983	0.952	0.941	
7vu1	0	0.685	0.663	0.194	0.829	0.37	0.746	
7vu1	1	0.678	0.662	0.166	0.755	0.605	0.761	
7vu1	2	0.327	0.535	0.148	0.758	0.622	0.786	
7vu1	3	0.59	0.688	0.478	0.814	0.559	0.746	
7vu1	4	0.635	0.574	0.404	0.719	0.734	0.721	
7vwb	0	0.994	0.87	0.945	0.162	0.494	0.713	
7vwb	1	0.99	0.97	0.943	0.214	0.115	0.728	
7vwb	2	0.958	0.955	0.93	0.25	0.544	0.707	
7vwb	3	0.956	0.969	0.925	0.505	0.308	0.671	
7vwb	4	0.994	0.925	0.947	0.166	0.484	0.62	
7w11	0	0.953	0.909	0.854	0.943	0.662	0.851	
7w11	1	0.93	0.894	0.805	0.92	0.656	0.824	
7w11	2	0.929	0.922	0.841	0.373	0.649	0.666	
7w11	3	0.952	0.913	0.812	0.38	0.532	0.694	
7w11	4	0.946	0.919	0.851	0.382	0.409	0.835	
7w18	0	0.735	0.553	0.493	0.614	0.583	0.479	
7w18	1	0.724	0.615	0.612	0.672	0.532	0.486	
7w18	2	0.678	0.654	0.547	0.64	0.632	0.354	
7w18	3	0.727	0.666	0.401	0.594	0.617	0.4	
7w18	4	0.723	0.421	0.424	0.588	0.561	0.395	
7xtn	0	0.907	0.781	0.342	0.502	0.454	0.914	
7xtn	1	0.941	0.736	0.942	0.549	0.484	0.963	
7xtn	2	0.948	0.755	0.934	0.487	0.373	0.892	
7xtn	3	0.937	0.778	0.95	0.476	0.486	0.893	
7xtn	4	0.935	0.745	0.9	0.464	0.486	0.962	
7ywf	0	0.917	0.859	0.504	0.083	0.534	0.565	
7ywf	1	0.896	0.884	0.463	0.524	0.513	0.547	
7ywf	2	0.874	0.86	0.437	0.547	0.519	0.567	
7ywf	3	0.912	0.873	0.463	0.77	0.714	0.504	
7ywf	4	0.867	0.849	0.651	0.789	0.776	0.611	
7zoo	0	0.755	0.063	0.217	0.066	0.064	0.074	
7zoo	1	0.78	0.063	0.231	0.065	0.063	0.068	
7zoo	2	0.76	0.062	0.23	0.066	0.063	0.07	
7zoo	3	0.762	0.063	0.217	0.068	0.063	0.073	
7zoo	4	0.756	0.063	0.231	0.065	0.063	0.071	
7zoo	0	0.755	0.063	0.063	0.066	0.064	0.074	
7zoo	1	0.78	0.063	0.064	0.065	0.063	0.068	
7zoo	2	0.76	0.062	0.063	0.066	0.063	0.07	
7zoo	3	0.762	0.063	0.063	0.068	0.063	0.073	
7zoo	4	0.756	0.063	0.063	0.065	0.063	0.071	
8ad2	0	0.897	0.769	0.785	0.061	0.14	0.881	
8ad2	1	0.895	0.745	0.746	0.059	0.142	0.817	
8ad2	2	0.745	0.709	0.632	0.059	0.238	0.894	
8ad2	3	0.893	0.756	0.664	0.318	0.219	0.863	
8ad2	4	0.89	0.65	0.656	0.225	0.225	0.918	
8axs	0	0.833	0.763	0.678	0.943	0.909	0.568	
8axs	1	0.802	0.807	0.632	0.941	0.93	0.524	
8axs	2	0.827	0.796	0.616	0.935	0.934	0.589	
8axs	3	0.815	0.782	0.549	0.933	0.93	0.654	
8axs	4	0.823	0.788	0.574	0.939	0.931	0.451	
8bf3	0	0.862	0.71	0.595	0.371	0.322	0.636	
8bf3	1	0.858	0.63	0.642	0.208	0.32	0.678	
8bf3	2	0.942	0.619	0.835	0.39	0.444	0.602	
8bf3	3	0.9	0.558	0.664	0.065	0.061	0.619	
8bf3	4	0.973	0.271	0.621	0.203	0.206	0.626	
8csf	0	0.768	0.669	0.34	0.815	0.568	0.85	
8csf	1	0.812	0.607	0.356	0.695	0.568	0.79	
8csf	2	0.852	0.669	0.395	0.711	0.56	0.703	
8csf	3	0.802	0.668	0.334	0.803	0.602	0.762	
8csf	4	0.821	0.657	0.337	0.706	0.637	0.779	
8d0r	0	0.978	0.737	0.66	0.777	0.103	0.607	
8d0r	1	0.987	0.755	0.682	0.679	0.451	0.677	
8d0r	2	0.987	0.738	0.676	0.739	0.292	0.64	
8d0r	3	0.984	0.771	0.647	0.755	0.08	0.609	
8d0r	4	0.982	0.749	0.641	0.77	0.09	0.594	
8dzd	0	0.073	0.09	0.023	0.071	0.076	0.127	
8dzd	1	0.103	0.106	0.048	0.071	0.658	0.266	
8dzd	2	0.076	0.127	0.027	0.074	0.62	0.172	
8dzd	3	0.16	0.107	0.084	0.123	0.122	0.25	
8dzd	4	0.176	0.127	0.037	0.157	0.159	0.182	
8edi	0	0.297	0.294	0.308	0.056	0.052	0.281	
8edi	1	0.438	0.349	0.292	0.056	0.052	0.311	
8edi	2	0.287	0.348	0.324	0.056	0.052	0.327	
8edi	3	0.299	0.359	0.303	0.056	0.052	0.296	
8edi	4	0.393	0.356	0.279	0.056	0.052	0.343	
8ic1	0	0.654	0.052	0.796	0.582	0.731	0.602	
8ic1	1	0.813	0.553	0.662	0.327	0.524	0.602	
8ic1	2	0.709	0.365	0.672	0.616	0.054	0.482	
8ic1	3	0.057	0.639	0.549	0.36	0.407	0.466	
8ic1	4	0.612	0.054	0.536	0.414	0.054	0.42	
8inp	0	0.736	0.813	0.832	0.568	0.679	0.715	
8inp	1	0.752	0.832	0.789	0.328	0.668	0.734	
8inp	2	0.747	0.831	0.794	0.823	0.647	0.759	
8inp	3	0.74	0.829	0.76	0.694	0.641	0.744	
8inp	4	0.724	0.818	0.831	0.329	0.669	0.737	
8ped	0	0.641	0.481	0.72	0.55	0.058	0.681	
8ped	1	0.707	0.501	0.541	0.522	0.105	0.599	
8ped	2	0.742	0.504	0.529	0.536	0.064	0.578	
8ped	3	0.719	0.506	0.649	0.548	0.059	0.3	
8ped	4	0.684	0.545	0.675	0.524	0.057	0.296	
