PDB,rank,iptm,ranking_score
7blg,0,0.95,0.99
7blg,1,0.95,0.99
7blg,2,0.94,0.98
7blg,3,0.94,0.98
7blg,4,0.95,0.98
7blg,5,0.95,0.98
7blg,6,0.95,0.98
7blg,7,0.95,0.98
7blg,8,0.95,0.98
7en5,0,0.88,0.89
7en5,1,0.88,0.89
7en5,2,0.88,0.88
7en5,3,0.87,0.88
7en5,4,0.87,0.88
7en5,5,0.87,0.88
7en5,6,0.87,0.88
7en5,7,0.87,0.88
7en5,8,0.87,0.88
7eqr,0,0.57,0.62
7eqr,1,0.57,0.62
7eqr,2,0.56,0.61
7eqr,3,0.55,0.61
7eqr,4,0.55,0.61
7eqr,5,0.54,0.6
7eqr,6,0.54,0.6
7eqr,7,0.54,0.6
7eqr,8,0.54,0.59
7exj,0,0.95,0.95
7exj,1,0.95,0.95
7exj,2,0.95,0.95
7exj,3,0.95,0.95
7exj,4,0.95,0.95
7exj,5,0.95,0.95
7exj,6,0.95,0.95
7exj,7,0.95,0.95
7exj,8,0.95,0.95
7exo,0,0.93,0.93
7exo,1,0.93,0.93
7exo,2,0.93,0.93
7exo,3,0.93,0.93
7exo,4,0.93,0.93
7exo,5,0.93,0.93
7exo,6,0.93,0.93
7exo,7,0.92,0.93
7exo,8,0.92,0.93
7f9g,0,0.8,0.86
7f9g,1,0.83,0.85
7f9g,2,0.78,0.84
7f9g,3,0.82,0.83
7f9g,4,0.82,0.83
7f9g,5,0.8,0.81
7f9g,6,0.79,0.81
7f9g,7,0.78,0.81
7f9g,8,0.78,0.81
7jnf,0,0.89,0.92
7jnf,1,0.89,0.92
7jnf,2,0.89,0.92
7jnf,3,0.88,0.92
7jnf,4,0.88,0.91
7jnf,5,0.88,0.91
7jnf,6,0.88,0.91
7jnf,7,0.88,0.91
7jnf,8,0.88,0.91
7jwf,0,0.97,0.98
7jwf,1,0.97,0.98
7jwf,2,0.97,0.98
7jwf,3,0.97,0.98
7jwf,4,0.97,0.98
7jwf,5,0.97,0.98
7jwf,6,0.97,0.98
7jwf,7,0.97,0.98
7jwf,8,0.97,0.98
7lvy,0,0.97,0.99
7lvy,1,0.97,0.99
7lvy,2,0.97,0.99
7lvy,3,0.96,0.98
7lvy,4,0.96,0.98
7lvy,5,0.94,0.96
7lvy,6,0.94,0.96
7lvy,7,0.93,0.95
7lvy,8,0.93,0.95
7mzs,0,0.85,0.87
7mzs,1,0.86,0.87
7mzs,2,0.85,0.87
7mzs,3,0.85,0.87
7mzs,4,0.85,0.87
7mzs,5,0.86,0.87
7mzs,6,0.85,0.86
7mzs,7,0.84,0.86
7mzs,8,0.84,0.86
7p8g,0,0.9,0.93
7p8g,1,0.9,0.93
7p8g,2,0.9,0.92
7p8g,3,0.89,0.92
7p8g,4,0.89,0.92
7p8g,5,0.89,0.92
7p8g,6,0.88,0.91
7p8g,7,0.88,0.91
7p8g,8,0.88,0.91
7pgk,0,0.68,0.75
7pgk,1,0.68,0.74
7pgk,2,0.68,0.74
7pgk,3,0.67,0.74
7pgk,4,0.68,0.74
7pgk,5,0.67,0.73
7pgk,6,0.65,0.73
7pgk,7,0.67,0.73
7pgk,8,0.67,0.73
7pug,0,0.63,0.69
7pug,1,0.6,0.67
7pug,2,0.6,0.66
7pug,3,0.59,0.66
7pug,4,0.6,0.66
7pug,5,0.59,0.66
7pug,6,0.59,0.65
7pug,7,0.59,0.65
7pug,8,0.59,0.65
7rft,0,0.93,0.93
7rft,1,0.93,0.93
7rft,2,0.92,0.92
7rft,3,0.92,0.92
7rft,4,0.92,0.92
7rft,5,0.92,0.92
7rft,6,0.92,0.92
7rft,7,0.91,0.92
7rft,8,0.91,0.92
7rpy,0,0.82,0.82
7rpy,1,0.79,0.8
7rpy,2,0.77,0.79
7rpy,3,0.77,0.78
7rpy,4,0.77,0.78
7rpy,5,0.77,0.78
7rpy,6,0.76,0.77
7rpy,7,0.76,0.77
7rpy,8,0.77,0.77
7toh,0,0.92,0.93
7toh,1,0.91,0.93
7toh,2,0.92,0.93
7toh,3,0.92,0.92
7toh,4,0.91,0.92
7toh,5,0.91,0.92
7toh,6,0.91,0.92
7toh,7,0.91,0.92
7toh,8,0.91,0.92
7tvp,0,0.85,0.86
7tvp,1,0.83,0.84
7tvp,2,0.81,0.83
7tvp,3,0.8,0.83
7tvp,4,0.77,0.8
7tvp,5,0.77,0.8
7tvp,6,0.77,0.79
7tvp,7,0.77,0.79
7tvp,8,0.76,0.79
7vi7,0,0.97,0.99
7vi7,1,0.97,0.98
7vi7,2,0.97,0.98
7vi7,3,0.97,0.98
7vi7,4,0.97,0.98
7vi7,5,0.97,0.98
7vi7,6,0.97,0.98
7vi7,7,0.97,0.98
7vi7,8,0.97,0.98
7vu1,0,0.64,0.68
7vu1,1,0.62,0.67
7vu1,2,0.62,0.67
7vu1,3,0.61,0.66
7vu1,4,0.6,0.65
7vu1,5,0.59,0.64
7vu1,6,0.59,0.64
7vu1,7,0.59,0.64
7vu1,8,0.59,0.64
7vwb,0,0.95,0.94
7vwb,1,0.95,0.94
7vwb,2,0.95,0.94
7vwb,3,0.94,0.94
7vwb,4,0.94,0.94
7vwb,5,0.94,0.93
7vwb,6,0.94,0.93
7vwb,7,0.94,0.93
7vwb,8,0.94,0.93
7w11,0,0.96,0.96
7w11,1,0.96,0.96
7w11,2,0.96,0.96
7w11,3,0.96,0.96
7w11,4,0.96,0.96
7w11,5,0.96,0.96
7w11,6,0.96,0.96
7w11,7,0.96,0.96
7w11,8,0.96,0.96
7w18,0,0.78,0.84
7w18,1,0.72,0.8
7w18,2,0.71,0.79
7w18,3,0.71,0.78
7w18,4,0.71,0.78
7w18,5,0.7,0.77
7w18,6,0.69,0.77
7w18,7,0.69,0.77
7w18,8,0.69,0.77
7xtn,0,0.9,0.95
7xtn,1,0.89,0.95
7xtn,2,0.89,0.95
7xtn,3,0.89,0.95
7xtn,4,0.89,0.95
7xtn,5,0.89,0.95
7xtn,6,0.89,0.95
7xtn,7,0.89,0.95
7xtn,8,0.89,0.95
7ywf,0,0.92,0.97
7ywf,1,0.92,0.96
7ywf,2,0.92,0.96
7ywf,3,0.92,0.96
7ywf,4,0.91,0.96
7ywf,5,0.92,0.96
7ywf,6,0.91,0.96
7ywf,7,0.91,0.96
7ywf,8,0.91,0.96
7zoo,0,0.74,0.83
7zoo,1,0.75,0.82
7zoo,2,0.74,0.82
7zoo,3,0.74,0.82
7zoo,4,0.73,0.82
7zoo,5,0.72,0.82
7zoo,6,0.71,0.8
7zoo,7,0.72,0.8
7zoo,8,0.72,0.8
8ad2,0,0.9,0.9
8ad2,1,0.89,0.89
8ad2,2,0.88,0.89
8ad2,3,0.89,0.89
8ad2,4,0.88,0.89
8ad2,5,0.88,0.89
8ad2,6,0.88,0.89
8ad2,7,0.88,0.89
8ad2,8,0.88,0.89
8axs,0,0.94,0.94
8axs,1,0.94,0.94
8axs,2,0.92,0.93
8axs,3,0.92,0.93
8axs,4,0.92,0.93
8axs,5,0.92,0.92
8axs,6,0.92,0.92
8axs,7,0.92,0.92
8axs,8,0.92,0.92
8bf3,0,0.88,0.92
8bf3,1,0.88,0.92
8bf3,2,0.89,0.92
8bf3,3,0.88,0.91
8bf3,4,0.88,0.91
8bf3,5,0.88,0.91
8bf3,6,0.88,0.91
8bf3,7,0.88,0.91
8bf3,8,0.88,0.91
8csf,0,0.94,0.94
8csf,1,0.94,0.94
8csf,2,0.94,0.94
8csf,3,0.94,0.94
8csf,4,0.94,0.94
8csf,5,0.94,0.94
8csf,6,0.93,0.93
8csf,7,0.93,0.93
8csf,8,0.93,0.93
8d0r,0,0.96,0.99
8d0r,1,0.96,0.99
8d0r,2,0.96,0.99
8d0r,3,0.96,0.99
8d0r,4,0.96,0.99
8d0r,5,0.96,0.99
8d0r,6,0.96,0.99
8d0r,7,0.96,0.99
8d0r,8,0.96,0.99
8dzd,0,0.86,0.87
8dzd,1,0.86,0.87
8dzd,2,0.86,0.87
8dzd,3,0.84,0.85
8dzd,4,0.84,0.85
8dzd,5,0.83,0.84
8dzd,6,0.83,0.84
8dzd,7,0.82,0.84
8dzd,8,0.82,0.84
8edi,0,0.83,0.82
8edi,1,0.83,0.82
8edi,2,0.82,0.82
8edi,3,0.81,0.81
8edi,4,0.81,0.81
8edi,5,0.8,0.8
8edi,6,0.8,0.8
8edi,7,0.8,0.8
8edi,8,0.8,0.8
8ic1,0,0.63,0.68
8ic1,1,0.63,0.68
8ic1,2,0.59,0.65
8ic1,3,0.58,0.64
8ic1,4,0.58,0.63
8ic1,5,0.56,0.63
8ic1,6,0.56,0.62
8ic1,7,0.55,0.61
8ic1,8,0.54,0.61
8inp,0,0.97,0.97
8inp,1,0.97,0.96
8inp,2,0.97,0.96
8inp,3,0.97,0.96
8inp,4,0.97,0.96
8inp,5,0.97,0.96
8inp,6,0.97,0.96
8inp,7,0.97,0.96
8inp,8,0.97,0.96
8ped,0,0.71,0.74
8ped,1,0.7,0.74
8ped,2,0.68,0.72
8ped,3,0.67,0.71
8ped,4,0.67,0.7
8ped,5,0.67,0.7
8ped,6,0.66,0.7
8ped,7,0.66,0.7
8ped,8,0.66,0.7
