PDB	prms	irms	fnat_full	fnat_res	lRMS_sc	lRMS_h	RiRMS	prot-carb_clash	carb-carb_clash	lRMS_sc0	lRMS_sc1	lRMS_sc2
7blg_pa_chai_rank0.pdb	0.365	0.649	0.857	0.857	0.892	0.892	0.584	0	0	0.892		
7blg_pa_chai_rank1.pdb	0.422	0.653	0.714	0.714	0.8	0.8	0.436	0	0	0.8		
7blg_pa_chai_rank2.pdb	0.354	0.647	0.857	0.857	0.914	0.914	0.629	0	0	0.914		
7blg_pa_chai_rank3.pdb	0.378	0.668	0.714	0.714	0.923	0.923	0.73	0	0	0.923		
7blg_pa_chai_rank4.pdb	0.385	0.728	0.714	0.714	0.868	0.868	0.679	0	0	0.868		
7en5_pa_chai_rank0.pdb	0.671	0.299	0.917	0.917	6.349	4.969	5.475	0	0	6.349		
7en5_pa_chai_rank1.pdb	0.588	0.315	0.75	0.75	5.813	4.267	3.756	0	0	5.813		
7en5_pa_chai_rank2.pdb	0.663	0.321	0.167	0.167	7.599	8.124	5.828	0	0	7.599		
7en5_pa_chai_rank3.pdb	0.712	0.304	0.333	0.333	7.009	6.794	5.714	0	0	7.009		
7en5_pa_chai_rank4.pdb	0.627	0.306	0.333	0.333	7.25	7.39	6.381	0	0	7.25		
7eqr_pa_chai_rank0.pdb	0.98	1.331	0.69	0.449	18.649	3.634	2.274	0	0	18.649		
7eqr_pa_chai_rank1.pdb	1.194	1.495	0.586	0.51	20.914	4.425	3.423	1	0	20.914		
7eqr_pa_chai_rank2.pdb	1.038	1.414	0.586	0.449	3.09	4.092	2.766	0	0	3.09		
7eqr_pa_chai_rank3.pdb	1.08	1.301	0.586	0.449	3.486	4.075	2.725	0	0	3.486		
7eqr_pa_chai_rank4.pdb	1.062	1.564	0.69	0.327	6.645	12.982	12.757	0	0	6.645		
7exj_pa_chai_rank0.pdb	0.661	0.568	1.0	0.96	3.435	3.508	2.569	0	0	3.435		
7exj_pa_chai_rank1.pdb	0.653	0.64	0.941	0.88	3.807	3.533	3.435	0	0	3.807		
7exj_pa_chai_rank2.pdb	0.724	0.58	1.0	0.92	3.339	2.913	2.485	0	0	3.339		
7exj_pa_chai_rank3.pdb	0.692	0.722	0.941	0.84	3.689	3.607	3.006	0	0	3.689		
7exj_pa_chai_rank4.pdb	0.63	0.608	0.941	0.84	4.172	2.459	2.169	0	0	4.172		
7exo_pa_chai_rank0.pdb	0.304	0.277	0.909	0.909	0.847	1.032	0.528	0	0	0.847		
7exo_pa_chai_rank1.pdb	0.288	0.303	0.909	0.909	0.688	0.688	0.407	0	0	0.688		
7exo_pa_chai_rank2.pdb	0.297	0.272	0.909	0.909	0.686	0.912	0.44	0	0	0.686		
7exo_pa_chai_rank3.pdb	0.32	0.27	0.909	0.909	0.663	0.663	0.402	0	0	0.663		
7exo_pa_chai_rank4.pdb	0.321	0.289	0.909	0.909	0.677	0.677	0.396	0	0	0.677		
7f9g_pa_chai_rank0.pdb	0.75	1.447	0.833	0.833	1.667	2.335	1.345	0	0	1.667		
7f9g_pa_chai_rank1.pdb	0.656	1.491	0.917	0.917	3.037	3.078	1.918	0	0	3.037		
7f9g_pa_chai_rank2.pdb	0.688	1.636	0.833	0.833	0.991	1.183	0.687	0	0	0.991		
7f9g_pa_chai_rank3.pdb	0.684	1.876	0.75	0.75	2.432	2.845	1.915	0	0	2.432		
7f9g_pa_chai_rank4.pdb	0.687	1.422	0.75	0.75	2.505	2.371	1.362	0	0	2.505		
7jnf_pa_chai_rank0.pdb	4.492	0.593	0.875	0.875	1.792	2.688	1.023	0	0	1.792		
7jnf_pa_chai_rank1.pdb	2.481	0.686	0.875	0.875	2.004	2.699	1.075	0	0	2.004		
7jnf_pa_chai_rank2.pdb	4.768	0.563	0.75	0.75	1.523	2.071	0.577	0	0	1.523		
7jnf_pa_chai_rank3.pdb	4.271	0.555	0.875	0.875	1.684	2.631	0.871	0	0	1.684		
7jnf_pa_chai_rank4.pdb	2.565	0.513	0.0	0.0	51.073	51.189	50.855	0	0	51.073		
7jwf_pa_chai_rank0.pdb	0.877	0.591	0.895	0.88	1.123	1.672	0.822	0	0	1.123		
7jwf_pa_chai_rank1.pdb	0.757	0.603	0.895	0.88	0.99	1.085	0.679	0	0	0.99		
7jwf_pa_chai_rank2.pdb	0.767	0.528	0.947	0.92	1.535	2.536	1.07	0	0	1.535		
7jwf_pa_chai_rank3.pdb	0.886	0.614	0.842	0.84	0.869	0.869	0.71	0	0	0.869		
7jwf_pa_chai_rank4.pdb	0.848	0.648	0.895	0.84	1.574	2.124	1.107	0	0	1.574		
7lvy_pa_chai_rank0.pdb	0.643	0.599	0.737	0.683	3.799	2.668	3.249	0	0	6.525	1.074	
7lvy_pa_chai_rank1.pdb	0.607	0.547	0.789	0.848	3.463	2.078	2.851	0	0	6.125	0.801	
7lvy_pa_chai_rank2.pdb	0.564	0.505	0.789	0.707	3.708	2.334	3.074	0	0	6.348	1.068	
7lvy_pa_chai_rank3.pdb	0.511	0.442	0.789	0.707	3.215	2.008	2.562	0	0	5.646	0.784	
7lvy_pa_chai_rank4.pdb	0.641	0.56	0.763	0.732	3.569	2.053	2.839	0	0	6.043	1.095	
7mzs_pa_chai_rank0.pdb	8.944	9.54	0.444	0.444	15.234	15.085	14.675	0	0	15.234		
7mzs_pa_chai_rank1.pdb	9.466	11.265	0.0	0.0	10.505	10.597	9.949	0	0	10.505		
7mzs_pa_chai_rank2.pdb	7.97	10.363	0.0	0.0	24.155	23.995	23.77	0	0	24.155		
7mzs_pa_chai_rank3.pdb	10.595	10.737	0.0	0.0	13.315	13.37	13.048	1	0	13.315		
7mzs_pa_chai_rank4.pdb	10.252	10.371	0.0	0.0	23.297	23.512	23.33	0	0	23.297		
7p8g_pa_chai_rank0.pdb	0.501	0.425	0.727	0.727	1.525	1.874	0.703	0	0	1.525		
7p8g_pa_chai_rank1.pdb	0.525	0.363	0.727	0.727	1.654	1.958	0.839	0	0	1.654		
7p8g_pa_chai_rank2.pdb	0.483	0.337	0.818	0.818	1.747	1.986	0.847	0	0	1.747		
7p8g_pa_chai_rank3.pdb	0.591	0.389	0.818	0.818	1.725	1.91	0.799	0	0	1.725		
7p8g_pa_chai_rank4.pdb	0.518	0.367	0.818	0.818	1.625	1.936	0.509	0	0	1.625		
7pgk_pa_chai_rank0.pdb	6.647	10.013	0.286	0.3	21.14	21.115	20.618	0	0	21.14		
7pgk_pa_chai_rank1.pdb	5.817	8.459	0.143	0.1	22.918	22.994	22.469	1	0	22.918		
7pgk_pa_chai_rank2.pdb	4.544	8.561	0.286	0.3	16.257	16.042	15.005	1	0	16.257		
7pgk_pa_chai_rank3.pdb	5.881	10.096	0.286	0.2	18.112	17.828	17.363	0	0	18.112		
7pgk_pa_chai_rank4.pdb	5.332	9.114	0.0	0.0	20.028	19.63	18.988	1	0	20.028		
7pug_pa_chai_rank0.pdb	1.505	1.803	0.75	0.526	17.057	12.784	12.013	1	0	17.057		
7pug_pa_chai_rank1.pdb	1.524	1.535	0.75	0.526	14.616	9.676	10.193	0	0	14.616		
7pug_pa_chai_rank2.pdb	1.993	1.738	0.5	0.263	13.943	9.509	10.108	0	0	13.943		
7pug_pa_chai_rank3.pdb	2.254	1.538	0.833	0.632	7.821	7.836	7.697	0	0	7.821		
7pug_pa_chai_rank4.pdb	1.377	1.442	0.833	0.632	6.074	6.022	5.614	1	0	6.074		
7rft_pa_chai_rank0.pdb	9.195	10.41	0.231	0.136	12.361	10.188	9.561	0	0	12.361		
7rft_pa_chai_rank1.pdb	9.511	6.827	0.692	0.545	3.758	4.037	3.424	0	0	3.758		
7rft_pa_chai_rank2.pdb	7.503	9.889	0.538	0.364	10.322	11.013	9.912	0	0	10.322		
7rft_pa_chai_rank3.pdb	7.365	9.006	0.385	0.227	9.341	10.554	10.634	0	0	9.341		
7rft_pa_chai_rank4.pdb	9.514	7.167	0.308	0.182	8.473	9.422	9.924	0	0	8.473		
7rpy_pa_chai_rank0.pdb	1.592	0.961	0.714	0.65	1.481	1.829	1.353	0	0	1.481		
7rpy_pa_chai_rank1.pdb	0.709	0.619	0.929	0.9	1.068	1.369	1.018	0	0	1.068		
7rpy_pa_chai_rank2.pdb	1.787	1.133	0.929	0.8	1.403	2.438	1.309	0	0	1.403		
7rpy_pa_chai_rank3.pdb	1.006	0.564	0.714	0.65	1.104	1.455	1.05	0	0	1.104		
7rpy_pa_chai_rank4.pdb	1.973	1.151	0.857	0.75	1.449	2.462	1.35	0	0	1.449		
7toh_pa_chai_rank0.pdb	0.327	0.36	1.0	1.0	1.056	1.056	0.549	0	0	1.056		
7toh_pa_chai_rank1.pdb	0.449	0.465	1.0	1.0	1.348	1.194	0.527	0	0	1.348		
7toh_pa_chai_rank2.pdb	0.357	0.412	0.647	0.368	5.975	5.213	3.972	0	0	5.975		
7toh_pa_chai_rank3.pdb	0.361	0.362	0.647	0.526	6.021	4.903	3.695	0	0	6.021		
7toh_pa_chai_rank4.pdb	0.364	0.392	0.706	0.421	5.646	4.858	3.704	0	0	5.646		
7tvp_pa_chai_rank0.pdb	0.475	0.527	0.765	0.63	9.225	3.614	4.062	0	0	9.225		
7tvp_pa_chai_rank1.pdb	0.549	0.573	0.765	0.63	10.591	4.873	4.338	0	0	10.591		
7tvp_pa_chai_rank2.pdb	0.476	0.517	0.824	0.778	11.346	3.17	2.075	0	0	11.346		
7tvp_pa_chai_rank3.pdb	0.557	0.565	0.882	0.889	6.469	2.034	1.507	0	0	6.469		
7tvp_pa_chai_rank4.pdb	0.551	0.603	0.824	0.704	8.483	2.501	2.922	0	0	8.483		
7vi7_pa_chai_rank0.pdb	0.525	0.382	1.0	1.0	0.975	0.975	0.528	0	0	0.975		
7vi7_pa_chai_rank1.pdb	0.511	0.37	1.0	1.0	0.956	0.956	0.501	0	0	0.956		
7vi7_pa_chai_rank2.pdb	0.635	0.411	1.0	1.0	0.996	0.996	0.514	0	0	0.996		
7vi7_pa_chai_rank3.pdb	0.583	0.36	1.0	1.0	1.002	1.002	0.622	0	0	1.002		
7vi7_pa_chai_rank4.pdb	0.596	0.396	1.0	1.0	0.979	0.979	0.561	0	0	0.979		
7vu1_pa_chai_rank0.pdb	1.049	3.312	0.6	0.474	22.879	12.953	12.011	0	0	22.879		
7vu1_pa_chai_rank1.pdb	1.147	3.864	0.48	0.289	20.488	10.962	10.991	0	0	20.488		
7vu1_pa_chai_rank2.pdb	1.094	3.27	0.44	0.342	24.125	14.794	13.052	0	0	24.125		
7vu1_pa_chai_rank3.pdb	1.183	4.062	0.56	0.342	18.505	3.984	1.629	0	0	18.505		
7vu1_pa_chai_rank4.pdb	1.407	3.398	0.48	0.368	18.969	4.937	2.606	0	0	18.969		
7vwb_pa_chai_rank0.pdb	0.616	0.467	0.875	0.9	0.837	0.837	0.548	0	0	0.837		
7vwb_pa_chai_rank1.pdb	0.581	0.579	0.875	0.9	0.882	0.882	0.475	0	0	0.882		
7vwb_pa_chai_rank2.pdb	0.567	0.535	0.875	0.9	1.05	1.05	0.8	0	0	1.05		
7vwb_pa_chai_rank3.pdb	0.588	0.627	0.875	0.9	1.197	1.197	0.784	0	0	1.197		
7vwb_pa_chai_rank4.pdb	0.562	0.52	0.875	0.9	0.812	0.812	0.415	0	0	0.812		
7w11_pa_chai_rank0.pdb	0.579	0.438	0.725	0.778	3.507	2.371	0.528	0	0	6.267	0.747	
7w11_pa_chai_rank1.pdb	0.532	0.464	0.75	0.643	4.069	2.529	1.057	0	0	6.946	1.192	
7w11_pa_chai_rank2.pdb	0.691	0.531	0.725	0.778	3.754	2.421	0.807	0	0	6.665	0.842	
7w11_pa_chai_rank3.pdb	0.538	0.387	0.75	0.643	3.379	2.42	1.027	0	0	5.641	1.117	
7w11_pa_chai_rank4.pdb	0.559	0.455	0.75	0.714	3.327	2.141	0.629	0	0	5.507	1.148	
7w18_pa_chai_rank0.pdb	0.774	0.904	0.762	0.758	14.299	3.795	4.231	0	0	14.299		
7w18_pa_chai_rank1.pdb	0.843	1.043	0.857	0.788	23.89	2.653	2.366	0	0	23.89		
7w18_pa_chai_rank2.pdb	0.772	0.876	0.857	0.667	23.092	3.194	3.099	0	0	23.092		
7w18_pa_chai_rank3.pdb	0.693	0.783	0.667	0.485	4.66	7.495	15.298	0	0	4.66		
7w18_pa_chai_rank4.pdb	0.786	0.887	0.762	0.424	5.261	3.892	17.351	0	0	5.261		
7xtn_pa_chai_rank0.pdb	0.534	12.168	0.889	0.889	13.671	13.646	12.66	0	0	13.671		
7xtn_pa_chai_rank1.pdb	0.591	0.9	0.889	0.889	0.787	0.787	0.241	0	0	0.787		
7xtn_pa_chai_rank2.pdb	0.563	0.972	0.889	0.889	0.919	0.919	0.469	0	0	0.919		
7xtn_pa_chai_rank3.pdb	0.564	0.748	0.889	0.889	0.47	0.47	0.307	0	0	0.47		
7xtn_pa_chai_rank4.pdb	0.538	1.008	0.778	0.778	0.684	0.684	0.583	0	0	0.684		
7ywf_pa_chai_rank0.pdb	0.664	0.528	0.889	0.667	5.887	6.067	5.657	0	0	5.887		
7ywf_pa_chai_rank1.pdb	0.769	0.523	0.778	0.667	7.006	6.625	6.133	0	0	7.006		
7ywf_pa_chai_rank2.pdb	0.817	0.559	0.667	0.583	6.619	6.563	5.948	0	0	6.619		
7ywf_pa_chai_rank3.pdb	0.676	0.5	0.556	0.5	5.768	5.514	4.797	0	0	5.768		
7ywf_pa_chai_rank4.pdb	0.661	0.502	0.778	0.583	3.669	3.72	2.85	0	0	3.669		
7zon_pa_chai_rank0.pdb	0.356	0.407	0.588	0.526	23.365	16.982	16.936	0	0	29.882	10.676	29.536
7zon_pa_chai_rank1.pdb	0.366	0.397	0.647	0.579	23.384	16.991	16.956	0	0	29.856	10.729	29.568
7zon_pa_chai_rank2.pdb	0.352	0.387	0.647	0.579	23.528	17.176	17.129	0	0	30.034	10.682	29.868
7zon_pa_chai_rank3.pdb	0.327	0.333	0.588	0.526	23.471	17.095	17.062	0	0	29.959	10.703	29.751
7zon_pa_chai_rank4.pdb	0.362	0.38	0.647	0.579	23.481	17.075	17.036	0	0	30.061	10.683	29.701
7zoo_pa_chai_rank0.pdb	0.319	0.374	0.0	0.0	26.608	26.666	26.386	0	0	26.608		
7zoo_pa_chai_rank1.pdb	0.315	0.346	0.0	0.0	26.766	26.855	26.541	0	0	26.766		
7zoo_pa_chai_rank2.pdb	0.353	0.358	0.0	0.0	26.939	27.034	26.726	0	0	26.939		
7zoo_pa_chai_rank3.pdb	0.34	0.36	0.0	0.0	27.398	27.41	27.138	0	0	27.398		
7zoo_pa_chai_rank4.pdb	0.324	0.302	0.0	0.0	27.482	27.5	27.244	0	0	27.482		
8ad2_pa_chai_rank0.pdb	0.664	0.568	0.889	0.812	7.776	2.811	2.084	0	0	7.776		
8ad2_pa_chai_rank1.pdb	0.808	0.651	0.889	0.75	7.923	3.053	2.347	0	0	7.923		
8ad2_pa_chai_rank2.pdb	0.669	0.653	0.889	0.812	8.002	2.693	2.232	0	0	8.002		
8ad2_pa_chai_rank3.pdb	0.771	0.635	0.889	0.812	7.501	2.422	1.754	0	0	7.501		
8ad2_pa_chai_rank4.pdb	0.556	0.355	0.889	0.812	8.385	2.717	1.813	0	0	8.385		
8axs_pa_chai_rank0.pdb	1.046	4.902	0.6	0.6	3.023	3.556	1.772	0	0	3.023		
8axs_pa_chai_rank1.pdb	1.104	4.896	0.6	0.6	5.258	3.981	1.906	0	0	5.258		
8axs_pa_chai_rank2.pdb	1.165	4.835	0.5	0.5	4.218	3.412	2.032	0	0	4.218		
8axs_pa_chai_rank3.pdb	1.289	5.054	0.55	0.55	4.851	3.991	3.098	0	0	4.851		
8axs_pa_chai_rank4.pdb	1.104	5.213	0.55	0.55	4.674	3.732	2.809	0	0	4.674		
8bf3_pa_chai_rank0.pdb	2.005	0.477	0.818	0.75	4.662	4.778	4.088	0	0	4.662		
8bf3_pa_chai_rank1.pdb	2.127	0.355	0.909	0.833	4.464	4.523	3.796	0	0	4.464		
8bf3_pa_chai_rank2.pdb	1.77	0.405	1.0	0.917	2.443	2.689	2.112	0	0	2.443		
8bf3_pa_chai_rank3.pdb	1.878	0.467	0.909	0.917	6.936	4.457	3.632	0	0	6.936		
8bf3_pa_chai_rank4.pdb	2.146	0.348	0.909	0.667	6.672	4.326	3.672	0	0	6.672		
8csf_pa_chai_rank0.pdb	1.112	0.897	0.848	0.698	12.693	15.175	13.317	0	0	6.762	0.981	30.337
8csf_pa_chai_rank1.pdb	1.128	0.886	0.909	0.721	11.856	15.242	13.839	0	0	7.491	1.049	27.026
8csf_pa_chai_rank2.pdb	1.099	0.782	0.879	0.674	9.267	9.805	8.593	0	0	6.889	0.389	20.523
8csf_pa_chai_rank3.pdb	1.073	0.824	0.848	0.698	13.404	16.264	14.611	0	0	7.094	0.375	32.743
8csf_pa_chai_rank4.pdb	1.164	0.868	0.848	0.674	12.102	15.733	14.378	0	0	7.578	0.9	27.827
8d0w_pa_chai_rank0.pdb	0.725	0.699	0.963	0.784	8.289	3.544	4.01	0	0	8.289		
8d0w_pa_chai_rank1.pdb	0.873	0.862	0.963	0.919	8.222	3.585	3.96	0	0	8.222		
8d0w_pa_chai_rank2.pdb	0.817	0.71	0.963	0.892	8.206	3.65	4.007	0	0	8.206		
8d0w_pa_chai_rank3.pdb	0.796	0.715	0.963	0.838	8.551	3.875	4.267	0	0	8.551		
8d0w_pa_chai_rank4.pdb	0.785	0.822	0.963	0.784	8.396	3.867	4.101	0	0	8.396		
8dzd_pa_chai_rank0.pdb	11.829	10.937	0.0	0.0	22.56	22.508	22.214	0	0	22.56		
8dzd_pa_chai_rank1.pdb	8.724	10.078	0.0	0.0	15.394	15.195	15.021	0	0	15.394		
8dzd_pa_chai_rank2.pdb	4.2	3.956	0.0	0.0	23.407	23.795	23.853	0	0	23.407		
8dzd_pa_chai_rank3.pdb	10.59	8.532	0.118	0.091	14.914	14.799	14.527	0	0	14.914		
8dzd_pa_chai_rank4.pdb	9.845	6.782	0.0	0.0	18.011	17.763	18.057	0	0	18.011		
8edi_pa_chai_rank0.pdb	1.413	0.445	0.636	0.611	14.072	12.869	12.254	0	0	14.072		
8edi_pa_chai_rank1.pdb	1.287	0.51	0.636	0.5	13.681	12.406	11.341	0	0	13.681		
8edi_pa_chai_rank2.pdb	1.057	0.406	0.727	0.667	14.882	13.648	12.942	0	0	14.882		
8edi_pa_chai_rank3.pdb	1.789	0.472	0.636	0.611	14.584	13.461	12.809	0	0	14.584		
8edi_pa_chai_rank4.pdb	1.987	0.543	0.636	0.5	14.647	13.709	12.748	0	0	14.647		
8ic1_pa_chai_rank0.pdb	0.909	0.559	0.833	0.733	5.715	2.591	1.676	0	0	5.715		
8ic1_pa_chai_rank1.pdb	0.947	0.603	0.625	0.578	6.265	4.028	2.005	0	0	6.265		
8ic1_pa_chai_rank2.pdb	0.879	0.587	0.833	0.711	9.59	2.074	1.353	0	0	9.59		
8ic1_pa_chai_rank3.pdb	0.79	0.611	0.75	0.6	9.291	4.801	4.121	0	0	9.291		
8ic1_pa_chai_rank4.pdb	0.85	0.703	0.75	0.556	8.738	3.148	2.832	0	0	8.738		
8inp_pa_chai_rank0.pdb	1.397	0.676	0.933	0.882	2.494	2.654	1.79	0	0	4.605	0.384	
8inp_pa_chai_rank1.pdb	1.352	0.715	0.933	0.882	2.481	3.11	2.517	0	0	4.549	0.412	
8inp_pa_chai_rank2.pdb	1.506	0.941	0.9	0.853	2.796	2.799	1.963	0	0	4.842	0.749	
8inp_pa_chai_rank3.pdb	1.457	0.88	0.933	0.882	3.383	3.319	2.371	0	0	5.697	1.07	
8inp_pa_chai_rank4.pdb	1.332	0.761	0.933	0.912	2.557	2.452	1.903	0	0	4.341	0.773	
8ped_pa_chai_rank0.pdb	0.567	0.741	0.96	0.824	5.471	2.729	3.51	0	1	5.471		
8ped_pa_chai_rank1.pdb	0.501	0.67	0.88	0.618	4.062	2.433	16.259	0	1	4.062		
8ped_pa_chai_rank2.pdb	0.538	0.662	1.0	0.581	3.712	2.792	20.318	0	0	3.712		
8ped_pa_chai_rank3.pdb	0.493	0.66	0.96	0.882	34.753	2.812	2.166	0	0	34.753		
8ped_pa_chai_rank4.pdb	0.519	0.621	1.0	0.941	35.588	3.097	1.708	0	0	35.588		
